{
  "user_id": "default_user",
  "timestamp": "2025-04-08T20:52:05.318710",
  "exercises": [],
  "joint_accuracy": {
    "left_shoulder": {
      "accuracy": 7.772955379752891,
      "count": 156
    },
    "right_shoulder": {
      "accuracy": 5.403438180968358,
      "count": 156
    },
    "left_hip": {
      "accuracy": 29.8463665070225,
      "count": 409
    },
    "right_hip": {
      "accuracy": 20.8169267894148,
      "count": 409
    }
  }
}