{
  "user_id": "default_user",
  "timestamp": "2025-04-09T16:04:59.867611",
  "exercises": [],
  "joint_accuracy": {
    "left_shoulder": {
      "accuracy": 3.7887365436235325,
      "count": 563
    },
    "right_shoulder": {
      "accuracy": 0.5541042316501695,
      "count": 563
    },
    "left_hip": {
      "accuracy": 40.67485675270489,
      "count": 1119
    },
    "right_hip": {
      "accuracy": 20.552828359670755,
      "count": 1119
    }
  }
}