{
  "user_id": "default_user",
  "timestamp": "2025-04-15T23:51:04.753657",
  "exercises": [],
  "joint_accuracy": {
    "left_shoulder": {
      "accuracy": 5.233868569570374,
      "count": 871
    },
    "right_shoulder": {
      "accuracy": 13.654701272610163,
      "count": 871
    },
    "left_hip": {
      "accuracy": 27.76682331284021,
      "count": 1077
    },
    "right_hip": {
      "accuracy": 20.465933349983928,
      "count": 1077
    }
  }
}