{
  "user_id": "default_user",
  "timestamp": "2025-04-09T21:14:34.674432",
  "exercises": [],
  "joint_accuracy": {
    "left_shoulder": {
      "accuracy": 15.054541005871949,
      "count": 74
    },
    "right_shoulder": {
      "accuracy": 0.0,
      "count": 74
    },
    "left_hip": {
      "accuracy": 55.661294480301095,
      "count": 135
    },
    "right_hip": {
      "accuracy": 41.16130157284064,
      "count": 135
    }
  }
}