{
  "user_id": "default_user",
  "timestamp": "2025-04-08T21:04:26.918187",
  "exercises": [],
  "joint_accuracy": {
    "left_shoulder": {
      "accuracy": 0.0,
      "count": 47
    },
    "right_shoulder": {
      "accuracy": 26.151290689950173,
      "count": 47
    },
    "left_hip": {
      "accuracy": 40.13329704951145,
      "count": 124
    },
    "right_hip": {
      "accuracy": 39.068628875367985,
      "count": 124
    }
  }
}