{
  "user_id": "default_user",
  "timestamp": "2025-04-08T20:58:58.208294",
  "exercises": [],
  "joint_accuracy": {
    "left_shoulder": {
      "accuracy": 0.1090291781667325,
      "count": 337
    },
    "right_shoulder": {
      "accuracy": 8.57721031837161,
      "count": 337
    },
    "left_hip": {
      "accuracy": 8.473402014403643,
      "count": 385
    },
    "right_hip": {
      "accuracy": 8.031342328067538,
      "count": 385
    }
  }
}