{
  "user_id": "default_user",
  "timestamp": "2025-04-15T23:33:53.302073",
  "exercises": [],
  "joint_accuracy": {
    "left_shoulder": {
      "accuracy": 2.4521248942619134,
      "count": 388
    },
    "right_shoulder": {
      "accuracy": 0.12769361604849766,
      "count": 388
    },
    "left_hip": {
      "accuracy": 23.782091191270414,
      "count": 632
    },
    "right_hip": {
      "accuracy": 19.826335222571462,
      "count": 632
    }
  }
}