{
  "user_id": "default_user",
  "timestamp": "2025-04-08T23:30:24.049265",
  "exercises": [],
  "joint_accuracy": {
    "left_shoulder": {
      "accuracy": 0.0,
      "count": 39
    },
    "right_shoulder": {
      "accuracy": 0.019227580050294336,
      "count": 39
    },
    "left_hip": {
      "accuracy": 59.764263864331866,
      "count": 1427
    },
    "right_hip": {
      "accuracy": 48.58819214390966,
      "count": 1427
    }
  }
}