{
  "user_id": "default_user",
  "timestamp": "2025-04-16T00:06:21.417859",
  "exercises": [],
  "joint_accuracy": {
    "left_shoulder": {
      "accuracy": 18.5135243249156,
      "count": 66
    },
    "right_shoulder": {
      "accuracy": 0.0,
      "count": 66
    },
    "left_hip": {
      "accuracy": 47.75642534731168,
      "count": 1172
    },
    "right_hip": {
      "accuracy": 40.253998569654115,
      "count": 1172
    }
  }
}