{
  "user_id": "default_user",
  "timestamp": "2025-04-22T18:53:29.532586",
  "exercises": [],
  "joint_accuracy": {
    "left_hip": {
      "accuracy": 66.28170558606351,
      "count": 95
    },
    "right_hip": {
      "accuracy": 65.01501416041427,
      "count": 95
    }
  }
}