{
  "user_id": "default_user",
  "timestamp": "2025-04-09T21:14:34.674432",
  "exercises": [],
  "joint_accuracy": {
    "left_shoulder": {
      "accuracy": 15.054541005871949,
      "count": 74
    },
    "right_shoulder": {
      "accuracy": 0.0,
      "count": 74
    },
    "left_hip": {
      "accuracy": 58.04005054906342,
      "count": 219
    },
    "right_hip": {
      "accuracy": 47.887832642966956,
      "count": 219
    }
  }
}