{
  "user_id": "default_user",
  "timestamp": "2025-04-16T00:06:21.417859",
  "exercises": [],
  "joint_accuracy": {
    "left_shoulder": {
      "accuracy": 18.5135243249156,
      "count": 66
    },
    "right_shoulder": {
      "accuracy": 0.0,
      "count": 66
    },
    "left_hip": {
      "accuracy": 47.72498517006165,
      "count": 1203
    },
    "right_hip": {
      "accuracy": 40.28903061378109,
      "count": 1203
    }
  }
}