{
  "user_id": "default_user",
  "timestamp": "2025-04-09T20:31:26.609303",
  "exercises": [],
  "joint_accuracy": {
    "left_shoulder": {
      "accuracy": 0.29282308437658106,
      "count": 336
    },
    "right_shoulder": {
      "accuracy": 0.0,
      "count": 336
    },
    "left_hip": {
      "accuracy": 16.090116693447907,
      "count": 519
    },
    "right_hip": {
      "accuracy": 9.908826111187697,
      "count": 519
    }
  }
}