{
  "user_id": "default_user",
  "timestamp": "2025-04-15T23:33:53.302073",
  "exercises": [],
  "joint_accuracy": {
    "left_shoulder": {
      "accuracy": 2.4521248942619134,
      "count": 388
    },
    "right_shoulder": {
      "accuracy": 0.12769361604849766,
      "count": 388
    },
    "left_hip": {
      "accuracy": 26.601282532798773,
      "count": 668
    },
    "right_hip": {
      "accuracy": 22.410009109259754,
      "count": 668
    }
  }
}