{
  "user_id": "default_user",
  "timestamp": "2025-04-01T20:45:43.977351",
  "exercises": [],
  "joint_accuracy": {
    "left_hip": {
      "accuracy": 65.9338994234356,
      "count": 588
    },
    "right_hip": {
      "accuracy": 63.901587855126564,
      "count": 588
    }
  }
}