{
  "user_id": "default_user",
  "timestamp": "2025-04-08T20:56:12.468193",
  "exercises": [],
  "joint_accuracy": {
    "left_shoulder": {
      "accuracy": 5.380493276790468,
      "count": 73
    },
    "right_shoulder": {
      "accuracy": 11.07427552074925,
      "count": 73
    },
    "left_hip": {
      "accuracy": 20.523744973743565,
      "count": 96
    },
    "right_hip": {
      "accuracy": 20.187154541848226,
      "count": 96
    }
  }
}