{
  "user_id": "default_user",
  "timestamp": "2025-04-08T20:56:12.468193",
  "exercises": [],
  "joint_accuracy": {
    "left_shoulder": {
      "accuracy": 5.380493276790468,
      "count": 73
    },
    "right_shoulder": {
      "accuracy": 11.07427552074925,
      "count": 73
    },
    "left_hip": {
      "accuracy": 39.868069099341994,
      "count": 223
    },
    "right_hip": {
      "accuracy": 34.134098208170315,
      "count": 223
    }
  }
}