{
  "user_id": "default_user",
  "timestamp": "2025-04-08T23:30:24.049265",
  "exercises": [],
  "joint_accuracy": {
    "left_shoulder": {
      "accuracy": 0.0,
      "count": 39
    },
    "right_shoulder": {
      "accuracy": 0.019227580050294336,
      "count": 39
    },
    "left_hip": {
      "accuracy": 62.9433487193655,
      "count": 392
    },
    "right_hip": {
      "accuracy": 56.42801799675908,
      "count": 392
    }
  }
}