{
  "user_id": "default_user",
  "timestamp": "2025-04-09T21:14:34.674432",
  "exercises": [],
  "joint_accuracy": {
    "left_shoulder": {
      "accuracy": 15.054541005871949,
      "count": 74
    },
    "right_shoulder": {
      "accuracy": 0.0,
      "count": 74
    },
    "left_hip": {
      "accuracy": 56.846968992390686,
      "count": 1095
    },
    "right_hip": {
      "accuracy": 51.982330862303066,
      "count": 1095
    }
  }
}