{
  "user_id": "default_user",
  "timestamp": "2025-04-16T00:06:21.417859",
  "exercises": [],
  "joint_accuracy": {
    "left_shoulder": {
      "accuracy": 18.5135243249156,
      "count": 66
    },
    "right_shoulder": {
      "accuracy": 0.0,
      "count": 66
    },
    "left_hip": {
      "accuracy": 47.76526530388242,
      "count": 739
    },
    "right_hip": {
      "accuracy": 44.28529038328194,
      "count": 739
    }
  }
}