{
  "user_id": "default_user",
  "timestamp": "2025-04-08T20:58:58.208294",
  "exercises": [],
  "joint_accuracy": {
    "left_shoulder": {
      "accuracy": 0.1090291781667325,
      "count": 337
    },
    "right_shoulder": {
      "accuracy": 8.57721031837161,
      "count": 337
    },
    "left_hip": {
      "accuracy": 13.02567233310136,
      "count": 416
    },
    "right_hip": {
      "accuracy": 12.708638569674921,
      "count": 416
    }
  }
}