{
  "user_id": "default_user",
  "timestamp": "2025-04-08T23:23:47.558511",
  "exercises": [],
  "joint_accuracy": {
    "left_shoulder": {
      "accuracy": 2.297301327400531,
      "count": 73
    },
    "right_shoulder": {
      "accuracy": 1.6759230192449714,
      "count": 73
    },
    "left_hip": {
      "accuracy": 54.04041518244347,
      "count": 1088
    },
    "right_hip": {
      "accuracy": 40.29293771153628,
      "count": 1088
    }
  }
}