{
  "user_id": "default_user",
  "timestamp": "2025-04-15T23:33:53.302073",
  "exercises": [],
  "joint_accuracy": {
    "left_shoulder": {
      "accuracy": 2.4521248942619134,
      "count": 388
    },
    "right_shoulder": {
      "accuracy": 0.12769361604849766,
      "count": 388
    },
    "left_hip": {
      "accuracy": 22.160624416597347,
      "count": 616
    },
    "right_hip": {
      "accuracy": 18.583374526869544,
      "count": 616
    }
  }
}