{
  "user_id": "default_user",
  "timestamp": "2025-04-09T20:31:26.609303",
  "exercises": [],
  "joint_accuracy": {
    "left_shoulder": {
      "accuracy": 0.29282308437658106,
      "count": 336
    },
    "right_shoulder": {
      "accuracy": 0.0,
      "count": 336
    },
    "left_hip": {
      "accuracy": 25.733168729424772,
      "count": 666
    },
    "right_hip": {
      "accuracy": 20.86466723557871,
      "count": 666
    }
  }
}