{
  "user_id": "default_user",
  "timestamp": "2025-04-09T20:31:26.609303",
  "exercises": [],
  "joint_accuracy": {
    "left_shoulder": {
      "accuracy": 0.29282308437658106,
      "count": 336
    },
    "right_shoulder": {
      "accuracy": 0.0,
      "count": 336
    },
    "left_hip": {
      "accuracy": 25.263122846740337,
      "count": 657
    },
    "right_hip": {
      "accuracy": 20.07237562556722,
      "count": 657
    }
  }
}